Line,Direction,Station from,Station to,Distance,Un-impeded Running Time,AM peak  Running Time,Inter peak  Running time 
Bakerloo,Southbound,HARROW & WEALDSTONE,KENTON,1.74,2.23,2.50,2.50
Bakerloo,Southbound,KENTON,SOUTH KENTON,1.40,1.88,2.00,2.00
Bakerloo,Southbound,SOUTH KENTON,NORTH WEMBLEY,0.90,1.50,1.50,1.50
Bakerloo,Southbound,NORTH WEMBLEY,WEMBLEY CENTRAL,1.27,1.92,2.06,2.06
Bakerloo,Southbound,WEMBLEY CENTRAL,STONEBRIDGE PARK,1.71,2.23,3.13,3.13
Bakerloo,Southbound,STONEBRIDGE PARK,HARLESDEN,1.53,2.13,2.40,2.40
Bakerloo,Southbound,HARLESDEN,WILLESDEN JUNCTION,1.05,1.65,2.23,2.23
Bakerloo,Southbound,WILLESDEN JUNCTION,KENSAL GREEN,1.50,2.47,2.50,2.50
Bakerloo,Southbound,KENSAL GREEN,QUEENS PARK,1.32,2.65,4.72,4.72
Bakerloo,Southbound,QUEENS PARK,KILBURN PARK,0.79,1.42,1.50,1.50
Bakerloo,Southbound,KILBURN PARK,MAIDA VALE,0.88,1.48,2.00,2.00
Bakerloo,Southbound,MAIDA VALE,WARWICK AVENUE,0.79,1.50,1.50,1.50
Bakerloo,Southbound,WARWICK AVENUE,PADDINGTON,0.88,1.58,2.00,2.00
Bakerloo,Southbound,PADDINGTON,EDGWARE ROAD,0.72,1.57,1.50,1.50
Bakerloo,Southbound,EDGWARE ROAD,MARYLEBONE,0.45,1.12,1.50,1.50
Bakerloo,Southbound,MARYLEBONE,BAKER STREET,0.50,1.17,1.50,1.50
Bakerloo,Southbound,BAKER STREET,REGENTS PARK,0.88,1.68,2.00,2.00
Bakerloo,Southbound,REGENTS PARK,OXFORD CIRCUS,0.87,1.85,2.00,2.00
Bakerloo,Southbound,OXFORD CIRCUS,PICCADILLY CIRCUS,0.97,1.95,2.48,2.48
Bakerloo,Southbound,PICCADILLY CIRCUS,CHARING CROSS,0.55,1.35,1.50,1.50
Bakerloo,Southbound,CHARING CROSS,EMBANKMENT,0.37,0.95,1.50,1.50
Bakerloo,Southbound,EMBANKMENT,WATERLOO,0.71,1.43,1.50,1.50
Bakerloo,Southbound,WATERLOO,LAMBETH NORTH,0.63,1.45,2.00,2.00
Bakerloo,Southbound,LAMBETH NORTH,ELEPHANT & CASTLE,0.82,2.57,2.50,2.50
Central,Eastbound,WEST RUISLIP,RUISLIP GARDENS,2.04,2.28,2.57,2.50
Central,Eastbound,RUISLIP GARDENS,SOUTH RUISLIP,0.86,1.30,1.50,1.50
Central,Eastbound,SOUTH RUISLIP,NORTHOLT,2.28,2.23,2.58,2.50
Central,Eastbound,NORTHOLT,GREENFORD,1.78,1.93,2.00,2.00
Central,Eastbound,GREENFORD,PERIVALE,1.69,1.85,2.33,2.25
Central,Eastbound,PERIVALE,HANGER LANE,2.10,2.10,2.25,2.26
Central,Eastbound,HANGER LANE,NORTH ACTON,2.49,2.85,3.44,3.48
Central,Eastbound,EALING BROADWAY,WEST ACTON,1.53,2.28,2.25,2.25
Central,Eastbound,WEST ACTON,NORTH ACTON,1.77,2.30,2.86,3.26
Central,Eastbound,NORTH ACTON,EAST ACTON,1.11,1.50,1.75,1.75
Central,Eastbound,EAST ACTON,WHITE CITY,2.06,2.57,3.28,3.71
Central,Eastbound,WHITE CITY,SHEPHERDS BUSH,1.16,2.68,2.75,2.75
Central,Eastbound,SHEPHERDS BUSH,HOLLAND PARK,0.87,1.37,1.75,1.75
Central,Eastbound,HOLLAND PARK,NOTTING HILL GATE,0.61,1.08,1.50,1.50
Central,Eastbound,NOTTING HILL GATE,QUEENSWAY,0.69,1.17,1.50,1.50
Central,Eastbound,QUEENSWAY,LANCASTER GATE,0.90,1.35,1.50,1.50
Central,Eastbound,LANCASTER GATE,MARBLE ARCH,1.20,1.92,2.71,2.50
Central,Eastbound,MARBLE ARCH,BOND STREET,0.55,1.00,1.25,1.25
Central,Eastbound,BOND STREET,OXFORD CIRCUS,0.66,1.10,1.50,1.50
Central,Eastbound,OXFORD CIRCUS,TOTTENHAM COURT ROAD,0.58,0.98,1.50,1.50
Central,Eastbound,TOTTENHAM COURT ROAD,HOLBORN,0.88,1.63,2.21,2.01
Central,Eastbound,HOLBORN,CHANCERY LANE,0.40,0.87,1.00,1.00
Central,Eastbound,CHANCERY LANE,ST PAULS,1.03,1.52,2.00,2.00
Central,Eastbound,ST PAULS,BANK,0.74,1.62,2.00,2.00
Central,Eastbound,BANK,LIVERPOOL STREET,0.74,1.62,2.25,2.25
Central,Eastbound,LIVERPOOL STREET,BETHNAL GREEN,2.27,2.60,2.75,2.75
Central,Eastbound,BETHNAL GREEN,MILE END,1.64,1.98,2.25,2.25
Central,Eastbound,MILE END,STRATFORD,2.83,3.18,3.42,3.25
Central,Eastbound,STRATFORD,LEYTON,2.09,2.40,2.75,2.75
Central,Eastbound,LEYTON,LEYTONSTONE,1.62,2.02,2.81,2.76
Central,Eastbound,LEYTONSTONE,WANSTEAD,1.72,2.15,2.25,2.25
Central,Eastbound,WANSTEAD,REDBRIDGE,1.22,1.62,2.00,2.00
Central,Eastbound,REDBRIDGE,GANTS HILL,1.27,1.65,1.75,1.75
Central,Eastbound,GANTS HILL,NEWBURY PARK,2.36,2.68,3.06,2.98
Central,Eastbound,NEWBURY PARK,BARKINGSIDE,1.11,1.55,1.75,1.75
Central,Eastbound,BARKINGSIDE,FAIRLOP,1.22,1.57,1.84,1.79
Central,Eastbound,FAIRLOP,HAINAULT,0.75,2.93,3.89,4.12
Central,Eastbound,LEYTONSTONE,SNARESBROOK,1.57,1.80,2.25,2.25
Central,Eastbound,SNARESBROOK,SOUTH WOODFORD,1.29,1.62,1.75,1.75
Central,Eastbound,SOUTH WOODFORD,WOODFORD,1.80,1.90,2.34,2.26
Central,Inner,RODING VALLEY,WOODFORD,1.33,2.03,2.78,2.22
Central,Inner,CHIGWELL,RODING VALLEY,2.28,2.45,2.77,2.50
Central,Inner,GRANGE HILL,CHIGWELL,1.32,1.63,2.00,2.00
Central,Inner,HAINAULT,GRANGE HILL,1.12,1.73,1.89,1.79
Central,Eastbound,WOODFORD,BUCKHURST HILL,2.31,2.28,2.50,2.50
Central,Eastbound,BUCKHURST HILL,LOUGHTON,1.83,2.35,2.70,2.53
Central,Eastbound,LOUGHTON,DEBDEN,2.02,2.13,2.22,2.25
Central,Eastbound,DEBDEN,THEYDON BOIS,3.34,3.00,3.00,3.00
Central,Eastbound,THEYDON BOIS,EPPING,2.54,2.60,2.76,2.75
Central,Westbound,EPPING,THEYDON BOIS,2.54,2.37,2.50,2.50
Central,Westbound,THEYDON BOIS,DEBDEN,3.34,2.88,3.43,3.25
Central,Westbound,DEBDEN,LOUGHTON,2.02,2.67,2.97,3.40
Central,Westbound,LOUGHTON,BUCKHURST HILL,1.83,2.07,2.53,2.50
Central,Westbound,BUCKHURST HILL,WOODFORD,2.31,2.32,2.53,2.53
Victoria,Southbound,WALTHAMSTOW,BLACKHORSE ROAD,1.45,2.12,2.00,2.00
Victoria,Southbound,BLACKHORSE ROAD,TOTTENHAM HALE,1.37,1.90,2.36,2.00
Victoria,Southbound,TOTTENHAM HALE,SEVEN SISTERS,1.05,2.00,2.77,3.28
Victoria,Southbound,SEVEN SISTERS,FINSBURY PARK,3.15,3.77,4.00,4.00
Victoria,Southbound,FINSBURY PARK,HIGHBURY,1.93,2.90,2.89,2.55
Victoria,Southbound,HIGHBURY,KINGS CROSS,2.45,2.77,3.50,3.50
Victoria,Southbound,KINGS CROSS,EUSTON,0.74,1.32,1.92,1.50
Victoria,Southbound,EUSTON,WARREN STREET,0.76,1.30,1.50,1.50
Victoria,Southbound,WARREN STREET,OXFORD CIRCUS,0.90,1.72,2.44,2.00
Victoria,Southbound,OXFORD CIRCUS,GREEN PARK,1.14,1.78,2.00,2.04
Victoria,Southbound,GREEN PARK,VICTORIA,1.09,1.88,2.50,2.54
Victoria,Southbound,VICTORIA,PIMLICO,1.19,1.83,2.00,2.00
Victoria,Southbound,PIMLICO,VAUXHALL,0.80,1.40,1.50,1.54
Victoria,Southbound,VAUXHALL,STOCKWELL,1.77,2.30,2.94,2.52
Victoria,Southbound,STOCKWELL,BRIXTON,1.46,2.03,2.50,2.50
Waterloo & City,Eastbound,WATERLOO,BANK,2.37,4.87,4.00,4.00
Jubilee,Eastbound,STANMORE,CANONS PARK,1.27,1.95,2.00,2.00
Jubilee,Eastbound,CANONS PARK,QUEENSBURY,1.71,1.93,2.50,2.50
Jubilee,Eastbound,QUEENSBURY,KINGSBURY,1.33,1.72,2.00,2.00
Jubilee,Eastbound,KINGSBURY,WEMBLEY PARK,2.85,3.47,4.73,4.56
Jubilee,Eastbound,WEMBLEY PARK,NEASDEN,2.28,2.60,3.03,3.01
Jubilee,Eastbound,NEASDEN,DOLLIS HILL,0.85,1.43,1.50,1.50
Jubilee,Eastbound,DOLLIS HILL,WILLESDEN GREEN,1.21,1.80,2.11,2.14
Jubilee,Eastbound,WILLESDEN GREEN,KILBURN,1.19,1.68,2.00,2.00
Jubilee,Eastbound,KILBURN,WEST HAMPSTEAD,1.09,1.63,2.50,2.00
Jubilee,Eastbound,WEST HAMPSTEAD,FINCHLEY ROAD,0.61,1.25,1.50,1.50
Jubilee,Eastbound,FINCHLEY ROAD,SWISS COTTAGE,0.61,1.18,1.50,1.50
Jubilee,Eastbound,SWISS COTTAGE,ST JOHNS WOOD,0.92,1.52,2.00,2.00
Jubilee,Eastbound,ST JOHNS WOOD,BAKER STREET,2.06,2.77,3.50,3.50
Jubilee,Eastbound,BAKER STREET,BOND STREET,1.66,2.10,2.50,2.50
Jubilee,Eastbound,BOND STREET,GREEN PARK,1.37,1.78,2.50,2.50
Jubilee,Eastbound,GREEN PARK,WESTMINSTER,1.34,1.87,2.50,2.50
Jubilee,Eastbound,WESTMINSTER,WATERLOO,0.96,1.38,2.00,2.00
Jubilee,Eastbound,WATERLOO,SOUTHWARK,0.44,1.02,1.00,1.00
Jubilee,Eastbound,SOUTHWARK,LONDON BRIDGE,1.26,1.65,2.50,2.50
Jubilee,Eastbound,LONDON BRIDGE,BERMONDSEY,1.93,2.25,2.50,2.50
Jubilee,Eastbound,BERMONDSEY,CANADA WATER,1.06,1.48,2.00,2.00
Jubilee,Eastbound,CANADA WATER,CANARY WHARF,2.41,2.50,3.00,3.02
Jubilee,Eastbound,CANARY WHARF,NORTH GREENWICH,1.71,2.23,3.19,3.49
Jubilee,Eastbound,NORTH GREENWICH,CANNING TOWN,1.71,2.15,2.50,2.50
Jubilee,Eastbound,CANNING TOWN,WEST HAM,1.58,2.15,2.93,2.58
Jubilee,Eastbound,WEST HAM,STRATFORD,1.54,3.15,4.90,3.77
Northern,Southbound,EDGWARE,BURNT OAK,1.47,2.43,2.50,2.50
Northern,Southbound,BURNT OAK,COLINDALE,1.31,1.98,2.50,2.50
Northern,Southbound,COLINDALE,HENDON CENTRAL,2.10,2.83,3.00,3.00
Northern,Southbound,HENDON CENTRAL,BRENT CROSS,1.10,1.73,2.00,2.00
Northern,Southbound,BRENT CROSS,GOLDERS GREEN,1.55,2.57,3.03,3.64
Northern,Southbound,GOLDERS GREEN,HAMPSTEAD,2.34,3.42,3.50,3.50
Northern,Southbound,HAMPSTEAD,BELSIZE PARK,1.20,1.82,2.00,2.00
Northern,Southbound,BELSIZE PARK,CHALK FARM,1.10,1.77,2.00,2.00
Northern,Southbound,CHALK FARM,CAMDEN TOWN,0.85,1.53,2.62,2.56
Northern,Southbound,HIGH BARNET,TOTTERIDGE & WHETSTONE,2.46,3.67,3.50,3.50
Northern,Southbound,TOTTERIDGE & WHETSTONE,WOODSIDE PARK,1.50,2.23,2.50,2.50
Northern,Southbound,WOODSIDE PARK,WEST FINCHLEY,0.98,1.70,1.50,1.50
Northern,Southbound,WEST FINCHLEY,FINCHLEY CENTRAL,1.14,2.08,3.13,2.51
Northern,Southbound,MILL HILL EAST,FINCHLEY CENTRAL,1.52,2.75,3.27,3.00
Northern,Southbound,FINCHLEY CENTRAL,EAST FINCHLEY,2.42,3.37,3.50,3.50
Northern,Southbound,EAST FINCHLEY,HIGHGATE,1.63,3.00,3.00,3.00
Northern,Southbound,HIGHGATE,ARCHWAY,1.70,2.80,3.00,3.00
Northern,Southbound,ARCHWAY,TUFNELL PARK,0.88,1.60,1.50,1.50
Northern,Southbound,TUFNELL PARK,KENTISH TOWN,0.80,1.42,1.50,1.50
Northern,Southbound,KENTISH TOWN,CAMDEN TOWN,1.15,1.93,3.08,3.08
Northern,Southbound,CAMDEN TOWN,MORNINGTON CRESCENT,0.64,1.63,1.50,1.50
Northern,Southbound,MORNINGTON CRESCENT,EUSTON,0.82,1.52,2.00,2.00
Northern,Southbound,EUSTON,WARREN STREET,0.58,1.18,1.50,1.50
Northern,Southbound,WARREN STREET,GOODGE STREET,0.46,1.07,1.50,1.50
Northern,Southbound,GOODGE STREET,TOTTENHAM COURT ROAD,0.62,1.32,1.73,1.50
Northern,Southbound,TOTTENHAM COURT ROAD,LEICESTER SQUARE,0.40,0.98,1.00,1.00
Northern,Southbound,LEICESTER SQUARE,CHARING CROSS,0.46,1.20,1.99,1.50
Northern,Southbound,CHARING CROSS,EMBANKMENT,0.27,0.80,1.00,1.00
Northern,Southbound,EMBANKMENT,WATERLOO,0.70,1.37,1.50,1.50
Northern,Southbound,WATERLOO,KENNINGTON,1.89,2.97,3.96,3.40
Northern,Southbound,CAMDEN TOWN,EUSTON,1.71,2.95,3.50,3.55
Northern,Southbound,EUSTON,KINGS CROSS,0.61,1.53,1.50,1.50
Northern,Southbound,KINGS CROSS,ANGEL,1.38,2.18,2.50,2.50
Northern,Southbound,ANGEL,OLD STREET,1.44,2.87,3.00,3.00
Northern,Southbound,OLD STREET,MOORGATE,0.69,1.37,2.00,1.51
Northern,Southbound,MOORGATE,BANK,0.82,1.90,2.00,2.00
Northern,Southbound,BANK,LONDON BRIDGE,0.69,1.55,2.25,2.00
Northern,Southbound,LONDON BRIDGE,BOROUGH,0.67,1.45,1.50,1.50
Northern,Southbound,BOROUGH,ELEPHANT & CASTLE,0.85,1.72,2.00,2.00
Northern,Southbound,ELEPHANT & CASTLE,KENNINGTON,0.90,2.03,3.00,3.47
Northern,Southbound,KENNINGTON,OVAL,0.82,1.58,2.00,2.00
Northern,Southbound,OVAL,STOCKWELL,1.36,2.20,2.50,2.50
Northern,Southbound,STOCKWELL,CLAPHAM NORTH,0.82,1.55,1.50,1.50
Northern,Southbound,CLAPHAM NORTH,CLAPHAM COMMON,0.62,1.40,1.50,1.50
Northern,Southbound,CLAPHAM COMMON,CLAPHAM SOUTH,1.25,2.00,2.50,2.50
Northern,Southbound,CLAPHAM SOUTH,BALHAM,1.15,1.88,2.00,2.00
Northern,Southbound,BALHAM,TOOTING BEC,0.98,1.67,2.00,2.00
Northern,Southbound,TOOTING BEC,TOOTING BROADWAY,1.10,1.77,2.00,2.00
Northern,Southbound,TOOTING BROADWAY,COLLIERS WOOD,1.20,1.98,2.00,2.00
Northern,Southbound,COLLIERS WOOD,SOUTH WIMBLEDON,1.14,1.88,2.00,2.00
Northern,Southbound,SOUTH WIMBLEDON,MORDEN,1.46,2.95,3.55,3.56
Piccadilly,Eastbound,UXBRIDGE,HILLINGDON,2.03,3.00,3.00,3.00
Piccadilly,Eastbound,HILLINGDON,ICKENHAM,1.08,1.60,2.00,2.00
Piccadilly,Eastbound,ICKENHAM,RUISLIP,1.85,2.30,2.50,2.50
Piccadilly,Eastbound,RUISLIP,RUISLIP MANOR,0.72,1.30,1.50,1.50
Piccadilly,Eastbound,RUISLIP MANOR,EASTCOTE,1.14,1.67,2.00,2.00
Piccadilly,Eastbound,EASTCOTE,RAYNERS LANE,1.72,2.23,3.35,3.95
Piccadilly,Eastbound,RAYNERS LANE,SOUTH HARROW,1.89,2.58,3.74,4.46
Piccadilly,Eastbound,SOUTH HARROW,SUDBURY HILL,1.36,1.85,2.00,2.00
Piccadilly,Eastbound,SUDBURY HILL,SUDBURY TOWN,1.65,2.03,2.50,2.50
Piccadilly,Eastbound,SUDBURY TOWN,ALPERTON,1.57,1.95,2.50,2.50
Piccadilly,Eastbound,ALPERTON,PARK ROYAL,1.97,2.20,2.50,2.50
Piccadilly,Eastbound,PARK ROYAL,NORTH EALING,1.06,1.52,2.50,2.03
Piccadilly,Eastbound,NORTH EALING,EALING COMMON,0.94,1.65,2.50,2.50
Piccadilly,Eastbound,EALING COMMON,ACTON TOWN,1.03,1.83,3.04,3.45
Piccadilly,Eastbound,HEATHROW 123,HATTON CROSS,2.15,2.63,4.43,4.08
Piccadilly,Eastbound,HATTON CROSS,HOUNSLOW WEST,2.91,3.25,3.50,3.50
Piccadilly,Eastbound,HOUNSLOW WEST,HOUNSLOW CENTRAL,1.46,1.98,2.50,2.50
Piccadilly,Eastbound,HOUNSLOW CENTRAL,HOUNSLOW EAST,0.74,1.30,1.50,1.50
Piccadilly,Eastbound,HOUNSLOW EAST,OSTERLEY,0.96,1.53,2.00,2.00
Piccadilly,Eastbound,OSTERLEY,BOSTON MANOR,2.42,2.85,3.00,3.00
Piccadilly,Eastbound,BOSTON MANOR,NORTHFIELDS,0.99,1.98,4.46,3.38
Piccadilly,Eastbound,NORTHFIELDS,SOUTH EALING,0.38,0.98,1.50,1.50
Piccadilly,Eastbound,SOUTH EALING,ACTON TOWN,2.20,2.93,4.11,4.28
Piccadilly,Eastbound,ACTON TOWN,HAMMERSMITH,4.42,5.65,6.00,5.53
Piccadilly,Eastbound,HAMMERSMITH,BARONS COURT,0.68,1.38,2.00,2.00
Piccadilly,Eastbound,BARONS COURT,EARLS COURT,1.62,2.55,3.00,3.00
Piccadilly,Eastbound,EARLS COURT,GLOUCESTER ROAD,0.78,1.37,1.50,1.50
Piccadilly,Eastbound,GLOUCESTER ROAD,SOUTH KENSINGTON,0.70,1.28,1.50,1.50
Piccadilly,Eastbound,SOUTH KENSINGTON,KNIGHTSBRIDGE,1.22,2.48,3.00,3.00
Piccadilly,Eastbound,KNIGHTSBRIDGE,HYDE PARK CORNER,0.51,1.10,1.50,1.50
Piccadilly,Eastbound,HYDE PARK CORNER,GREEN PARK,1.06,1.73,2.00,2.02
Piccadilly,Eastbound,GREEN PARK,PICCADILLY CIRCUS,0.56,1.10,1.50,1.50
Piccadilly,Eastbound,PICCADILLY CIRCUS,LEICESTER SQUARE,0.49,1.17,1.50,1.50
Piccadilly,Eastbound,LEICESTER SQUARE,COVENT GARDEN,0.25,0.77,1.00,1.01
Piccadilly,Eastbound,COVENT GARDEN,HOLBORN,0.59,1.40,1.50,1.50
Piccadilly,Eastbound,HOLBORN,RUSSELL SQUARE,0.72,1.55,2.00,2.00
Piccadilly,Eastbound,RUSSELL SQUARE,KINGS CROSS,0.91,1.90,2.47,2.05
Piccadilly,Eastbound,KINGS CROSS,CALEDONIAN ROAD,1.96,2.88,3.50,3.50
Piccadilly,Eastbound,CALEDONIAN ROAD,HOLLOWAY ROAD,0.59,1.18,1.50,1.50
Piccadilly,Eastbound,HOLLOWAY ROAD,ARSENAL,0.74,1.28,1.50,1.50
Piccadilly,Eastbound,ARSENAL,FINSBURY PARK,0.69,1.38,1.50,1.50
Piccadilly,Eastbound,FINSBURY PARK,MANOR HOUSE,1.04,1.55,2.00,2.00
Piccadilly,Eastbound,MANOR HOUSE,TURNPIKE LANE,2.31,2.88,3.00,3.00
Piccadilly,Eastbound,TURNPIKE LANE,WOOD GREEN,0.98,1.57,2.00,2.02
Piccadilly,Eastbound,WOOD GREEN,BOUNDS GREEN,1.52,2.23,2.50,2.50
Piccadilly,Eastbound,BOUNDS GREEN,ARNOS GROVE,1.25,2.58,3.62,3.91
Piccadilly,Eastbound,ARNOS GROVE,SOUTHGATE,1.94,2.80,2.52,2.51
Piccadilly,Eastbound,SOUTHGATE,OAKWOOD,1.86,2.48,3.90,3.51
Piccadilly,Eastbound,OAKWOOD,COCKFOSTERS,1.27,2.83,3.00,3.09
Metropolitan,Westbound,ALDGATE,LIVERPOOL STREET,0.61,1.75,2.00,2.38
Metropolitan,Westbound,LIVERPOOL STREET,MOORGATE,0.51,1.32,1.50,1.50
Metropolitan,Westbound,MOORGATE,BARBICAN,0.63,1.38,1.50,1.50
Metropolitan,Westbound,BARBICAN,FARRINGDON,0.51,1.20,1.95,1.50
Metropolitan,Westbound,FARRINGDON,KINGS CROSS ST PANCRAS,1.85,3.12,3.50,3.50
Metropolitan,Westbound,KINGS CROSS ST PANCRAS,EUSTON SQUARE,0.85,1.65,2.00,2.00
Metropolitan,Westbound,EUSTON SQUARE,GREAT PORTLAND STREET,0.61,1.30,1.50,1.50
Metropolitan,Westbound,GREAT PORTLAND STREET,BAKER STREET,0.92,2.23,4.08,3.82
Metropolitan,Westbound,BAKER STREET,FINCHLEY ROAD,3.38,5.55,5.55,5.51
Metropolitan,Westbound,FINCHLEY ROAD,WEMBLEY PARK,7.24,7.05,6.95,7.00
Metropolitan,Westbound,WEMBLEY PARK,PRESTON ROAD,1.46,2.12,2.50,2.50
Metropolitan,Westbound,PRESTON ROAD,NORTHWICK PARK,1.64,2.30,2.50,2.50
Metropolitan,Westbound,NORTHWICK PARK,HARROW-ON-THE-HILL,1.29,2.32,4.53,3.03
Metropolitan,Westbound,FINCHLEY ROAD,HARROW-ON-THE-HILL,11.63,11.02,11.00,11.00
Metropolitan,Westbound,HARROW-ON-THE-HILL,WEST HARROW,1.26,2.32,2.00,2.00
Metropolitan,Westbound,WEST HARROW,RAYNERS LANE,1.38,2.05,2.57,2.50
Metropolitan,Westbound,RAYNERS LANE,EASTCOTE,1.72,2.23,2.52,2.50
Metropolitan,Westbound,EASTCOTE,RUISLIP MANOR,1.14,1.82,2.02,2.00
Metropolitan,Westbound,RUISLIP MANOR,RUISLIP,0.72,1.35,1.52,1.50
Metropolitan,Westbound,RUISLIP,ICKENHAM,1.85,2.57,2.60,2.50
Metropolitan,Westbound,ICKENHAM,HILLINGDON,1.08,1.75,2.00,2.00
Metropolitan,Westbound,HILLINGDON,UXBRIDGE,2.03,4.08,4.02,3.54
Metropolitan,Westbound,HARROW-ON-THE-HILL,NORTH HARROW,2.00,3.18,3.00,3.00
Metropolitan,Westbound,NORTH HARROW,PINNER,1.48,2.00,2.50,2.50
Metropolitan,Westbound,PINNER,NORTHWOOD HILLS,2.08,2.60,2.50,2.50
Metropolitan,Westbound,NORTHWOOD HILLS,NORTHWOOD,1.61,2.23,2.50,2.50
Metropolitan,Westbound,NORTHWOOD,MOOR PARK,2.22,2.55,3.00,3.00
Metropolitan,Westbound,HARROW-ON-THE-HILL,MOOR PARK,9.39,9.03,9.50,9.50
Metropolitan,Westbound,MOOR PARK,CROXLEY,2.94,4.33,4.50,4.50
Metropolitan,Westbound,CROXLEY,WATFORD,1.90,3.60,3.60,3.50
Metropolitan,Westbound,MOOR PARK,RICKMANSWORTH,3.49,4.13,5.00,5.00
Metropolitan,Westbound,RICKMANSWORTH,CHORLEYWOOD,3.38,4.03,4.00,4.00
Metropolitan,Westbound,CHORLEYWOOD,CHALFONT & LATIMER,3.43,3.95,4.68,4.50
Metropolitan,Westbound,CHALFONT & LATIMER,CHESHAM,6.19,9.48,8.64,8.50
Metropolitan,Westbound,CHALFONT & LATIMER,AMERSHAM,3.27,4.07,4.00,4.00
H & C,Eastbound,HAMMERSMITH,GOLDHAWK ROAD,0.82,2.05,2.00,2.00
H & C,Eastbound,GOLDHAWK ROAD,SHEPHERDS BUSH,0.51,1.15,1.50,1.50
H & C,Eastbound,SHEPHERDS BUSH,LATIMER ROAD,1.01,1.63,2.00,2.00
H & C,Eastbound,LATIMER ROAD,LADBROKE GROVE,0.66,1.37,1.50,1.50
H & C,Eastbound,LADBROKE GROVE,WESTBOURNE PARK,0.79,1.48,1.50,1.50
H & C,Eastbound,WESTBOURNE PARK,ROYAL OAK,0.98,1.78,2.00,2.00
H & C,Eastbound,ROYAL OAK,PADDINGTON,0.64,1.52,2.00,2.00
H & C,Eastbound,PADDINGTON,EDGWARE ROAD,0.93,2.33,3.71,3.72
H & C,Eastbound,EDGWARE ROAD,BAKER STREET,0.72,1.47,2.84,2.50
H & C,Eastbound,BAKER STREET,GREAT PORTLAND STREET,0.92,1.90,2.00,2.00
H & C,Eastbound,GREAT PORTLAND STREET,EUSTON SQUARE,0.61,1.25,1.50,1.50
H & C,Eastbound,EUSTON SQUARE,KINGS CROSS ST PANCRAS,0.85,1.75,2.00,2.00
H & C,Eastbound,KINGS CROSS ST PANCRAS,FARRINGDON,1.85,2.98,3.50,3.50
H & C,Eastbound,FARRINGDON,BARBICAN,0.51,1.22,1.50,1.50
H & C,Eastbound,BARBICAN,MOORGATE,0.64,1.32,1.53,1.50
H & C,Eastbound,MOORGATE,LIVERPOOL STREET,0.51,1.18,1.95,1.51
H & C,Eastbound,LIVERPOOL STREET,ALDGATE EAST,0.92,1.93,3.14,2.78
H & C,Eastbound,ALDGATE EAST,WHITECHAPEL,0.82,2.17,2.50,2.01
H & C,Eastbound,WHITECHAPEL,STEPNEY GREEN,1.00,2.05,2.00,2.00
H & C,Eastbound,STEPNEY GREEN,MILE END,1.05,1.73,2.00,2.00
H & C,Eastbound,MILE END,BOW ROAD,0.55,1.27,1.50,1.50
H & C,Eastbound,BOW ROAD,BROMLEY BY BOW,1.01,2.12,2.00,2.00
H & C,Eastbound,BROMLEY BY BOW,WEST HAM,1.37,2.00,2.00,2.00
H & C,Eastbound,WEST HAM,PLAISTOW,0.76,1.43,2.26,2.04
H & C,Eastbound,PLAISTOW,UPTON PARK,1.29,1.97,2.00,2.00
H & C,Eastbound,UPTON PARK,EAST HAM,1.40,2.02,2.00,2.00
H & C,Eastbound,EAST HAM,BARKING,2.29,3.78,3.60,3.49
Circle,Inner,EDGWARE ROAD,PADDINGTON,0.82,1.85,2.00,2.00
Circle,Inner,PADDINGTON,BAYSWATER,0.98,1.65,2.00,2.00
Circle,Inner,BAYSWATER,NOTTING HILL GATE,0.79,1.47,2.00,2.00
Circle,Inner,NOTTING HILL GATE,HIGH STREET KENSINGTON,0.93,1.58,3.57,3.36
Circle,Inner,HIGH STREET KENSINGTON,GLOUCESTER ROAD,0.93,1.80,2.66,2.90
Circle,Inner,GLOUCESTER ROAD,SOUTH KENSINGTON,0.74,1.43,1.50,1.50
Circle,Inner,SOUTH KENSINGTON,SLOANE SQUARE,1.22,1.98,2.00,2.00
Circle,Inner,SLOANE SQUARE,VICTORIA,1.05,1.80,2.00,2.00
Circle,Inner,VICTORIA,ST JAMES PARK,0.72,1.42,1.50,1.50
Circle,Inner,ST JAMES PARK,WESTMINSTER,0.76,1.50,2.00,2.00
Circle,Inner,WESTMINSTER,EMBANKMENT,0.69,1.37,2.00,2.00
Circle,Inner,EMBANKMENT,TEMPLE,0.71,1.37,2.00,2.00
Circle,Inner,TEMPLE,BLACKFRIARS,0.76,1.40,2.00,2.00
Circle,Inner,BLACKFRIARS,MANSION HOUSE,0.61,1.52,1.95,1.52
Circle,Inner,MANSION HOUSE,CANNON STREET,0.31,0.98,1.00,1.00
Circle,Inner,CANNON STREET,MONUMENT,0.34,0.97,1.50,1.50
Circle,Inner,MONUMENT,TOWER HILL,0.68,1.80,2.00,2.07
Circle,Inner,TOWER HILL,ALDGATE,0.50,1.30,4.05,3.18
Circle,Inner,ALDGATE,LIVERPOOL STREET,0.61,1.75,2.00,2.42
Circle,Inner,LIVERPOOL STREET,MOORGATE,0.51,1.32,1.50,1.50
Circle,Inner,MOORGATE,BARBICAN,0.64,1.38,1.50,1.50
Circle,Inner,BARBICAN,FARRINGDON,0.51,1.20,1.92,1.51
Circle,Inner,FARRINGDON,KINGS CROSS ST PANCRAS,1.85,3.12,3.50,3.50
Circle,Inner,KINGS CROSS ST PANCRAS,EUSTON SQUARE,0.85,1.65,2.00,2.00
Circle,Inner,EUSTON SQUARE,GREAT PORTLAND STREET,0.61,1.30,1.50,1.50
Circle,Inner,GREAT PORTLAND STREET,BAKER STREET,0.92,1.57,2.90,2.07
Circle,Inner,BAKER STREET,EDGWARE ROAD,0.72,1.88,3.60,3.08
District,Westbound,UPMINSTER,UPMINSTER BRIDGE,1.24,2.08,2.00,2.03
District,Westbound,UPMINSTER BRIDGE,HORNCHURCH,1.26,1.78,2.00,2.00
District,Westbound,HORNCHURCH,ELM PARK,1.50,1.98,2.50,2.50
District,Westbound,ELM PARK,DAGENHAM EAST,2.37,2.77,3.07,3.18
District,Westbound,DAGENHAM EAST,DAGENHAM HEATHWAY,1.35,1.83,2.00,2.00
District,Westbound,DAGENHAM HEATHWAY,BECONTREE,1.37,1.88,2.50,2.50
District,Westbound,BECONTREE,UPNEY,1.87,2.33,2.50,2.50
District,Westbound,UPNEY,BARKING,1.38,1.92,2.66,3.82
District,Westbound,BARKING,EAST HAM,2.29,2.87,3.00,3.00
District,Westbound,EAST HAM,UPTON PARK,1.40,2.00,2.50,2.50
District,Westbound,UPTON PARK,PLAISTOW,1.29,1.93,2.00,2.01
District,Westbound,PLAISTOW,WEST HAM,0.76,1.50,1.50,1.50
District,Westbound,WEST HAM,BROMLEY BY BOW,1.37,2.12,2.00,2.00
District,Westbound,BROMLEY BY BOW,BOW ROAD,1.01,2.23,2.50,2.50
District,Westbound,BOW ROAD,MILE END,0.55,1.27,1.50,1.50
District,Westbound,MILE END,STEPNEY GREEN,1.05,1.72,2.00,2.00
District,Westbound,STEPNEY GREEN,WHITECHAPEL,1.00,2.63,3.54,3.51
District,Westbound,WHITECHAPEL,ALDGATE EAST,0.82,2.18,2.46,2.05
District,Westbound,ALDGATE EAST,TOWER HILL,0.80,1.87,3.03,3.65
District,Westbound,TOWER HILL,MONUMENT,0.68,1.48,1.50,1.50
District,Westbound,MONUMENT,CANNON STREET,0.34,0.88,1.00,1.00
District,Westbound,CANNON STREET,MANSION HOUSE,0.31,0.93,1.50,1.50
District,Westbound,MANSION HOUSE,BLACKFRIARS,0.61,1.22,1.50,1.50
District,Westbound,BLACKFRIARS,TEMPLE,0.76,1.37,1.50,1.50
District,Westbound,TEMPLE,EMBANKMENT,0.71,1.43,2.00,2.00
District,Westbound,EMBANKMENT,WESTMINSTER,0.69,1.40,1.50,1.50
District,Westbound,WESTMINSTER,ST JAMES PARK,0.76,1.52,1.50,1.50
District,Westbound,ST JAMES PARK,VICTORIA,0.72,1.33,2.00,2.00
District,Westbound,VICTORIA,SLOANE SQUARE,1.05,1.75,2.00,2.00
District,Westbound,SLOANE SQUARE,SOUTH KENSINGTON,1.22,2.00,3.00,2.50
District,Westbound,SOUTH KENSINGTON,GLOUCESTER ROAD,0.74,1.48,2.00,2.01
District,Westbound,GLOUCESTER ROAD,EARLS COURT,0.93,1.82,3.04,3.59
District,Westbound,EDGWARE ROAD,PADDINGTON,0.82,1.85,2.00,2.00
District,Westbound,PADDINGTON,BAYSWATER,0.98,1.65,2.00,2.00
District,Westbound,BAYSWATER,NOTTING HILL GATE,0.79,1.47,2.00,2.00
District,Westbound,NOTTING HILL GATE,HIGH STREET KENSINGTON,0.93,1.58,3.28,3.36
District,Westbound,HIGH STREET KENSINGTON,EARLS COURT,1.26,2.72,4.11,3.82
District,Westbound,EARLS COURT,KENSINGTON,1.54,3.08,3.00,3.00
District,Westbound,EARLS COURT,WEST BROMPTON,0.60,1.42,1.50,1.50
District,Westbound,WEST BROMPTON,FULHAM BROADWAY,0.84,1.55,1.50,1.50
District,Westbound,FULHAM BROADWAY,PARSONS GREEN,0.79,1.50,2.00,2.00
District,Westbound,PARSONS GREEN,PUTNEY BRIDGE,0.95,2.32,2.50,2.50
District,Westbound,PUTNEY BRIDGE,EAST PUTNEY,1.11,2.18,2.00,2.00
District,Westbound,EAST PUTNEY,SOUTHFIELDS,1.53,2.35,2.50,2.50
District,Westbound,SOUTHFIELDS,WIMBLEDON PARK,1.45,2.05,2.50,2.51
District,Westbound,WIMBLEDON PARK,WIMBLEDON,1.50,3.50,3.02,3.08
District,Westbound,EARLS COURT,WEST KENSINGTON,0.90,1.62,2.00,2.00
District,Westbound,WEST KENSINGTON,BARONS COURT,0.64,1.32,1.50,1.50
District,Westbound,BARONS COURT,HAMMERSMITH,0.68,1.33,1.50,1.50
District,Westbound,HAMMERSMITH,RAVENSCOURT PARK,0.93,1.63,2.00,2.00
District,Westbound,RAVENSCOURT PARK,STAMFORD BROOK,0.77,1.37,1.50,1.50
District,Westbound,STAMFORD BROOK,TURNHAM GREEN,0.55,1.17,1.97,1.58
District,Westbound,TURNHAM GREEN,CHISWICK PARK,0.95,1.58,2.00,2.00
District,Westbound,CHISWICK PARK,ACTON TOWN,1.22,1.83,2.63,2.06
District,Westbound,ACTON TOWN,EALING COMMON,1.03,1.50,2.00,2.00
District,Westbound,EALING COMMON,EALING BROADWAY,1.50,3.50,3.50,3.54
District,Westbound,TURNHAM GREEN,GUNNERSBURY,1.59,2.28,3.15,3.00
District,Westbound,GUNNERSBURY,KEW GARDENS,1.71,2.43,2.50,2.50
District,Westbound,KEW GARDENS,RICHMOND,2.14,4.10,3.57,3.50
East London,Northbound,NEW CROSS,SURREY QUAYS,2.27,3.62,4.00,4.00
East London,Northbound,NEW CROSS GATE,SURREY QUAYS,2.04,2.80,3.50,3.50
East London,Northbound,SURREY QUAYS,CANADA WATER,0.55,1.47,1.50,1.50
East London,Northbound,CANADA WATER,ROTHERHITHE,0.32,0.85,1.00,1.00
East London,Northbound,ROTHERHITHE,WAPPING,0.51,1.17,1.50,1.50
East London,Northbound,WAPPING,SHADWELL,0.77,1.43,1.50,1.50
East London,Northbound,SHADWELL,WHITECHAPEL,0.98,1.98,2.50,2.17
East London,Northbound,WHITECHAPEL,SHOREDITCH,0.72,1.85,2.00,2.00
East London,Southbound,SHOREDITCH,WHITECHAPEL,0.72,1.60,2.00,2.00
East London,Southbound,WHITECHAPEL,SHADWELL,0.98,1.82,2.00,2.00
East London,Southbound,SHADWELL,WAPPING,0.77,1.30,1.50,1.50
East London,Southbound,WAPPING,ROTHERHITHE,0.51,1.17,1.50,1.50
East London,Southbound,ROTHERHITHE,CANADA WATER,0.32,0.93,1.00,1.00
East London,Southbound,CANADA WATER,SURREY QUAYS,0.55,1.70,2.00,2.09
East London,Southbound,SURREY QUAYS,NEW CROSS,2.27,4.27,4.50,4.50
East London,Southbound,SURREY QUAYS,NEW CROSS GATE,2.04,3.88,3.50,3.50
